Excel файл;Название показателя;Код показателя;Excel колонка 2022;Excel колонка 2023;Ключевое слово 2022;Ключевое слово 2023
M25_000000_t01Ved14.xlsx;Валюта баланса;ValBal;3;;"""2022"",""предыдущий"",""Валюта баланса""";Валюта баланса
M25_000000_t01Ved14.xlsx;nan;Na;;14;nan;"""2023"",""конец"",""nan"""
M25_000000_t01Ved14.xlsx;Внеоборотные активы;VneAkt;5;;"""2022"",""предыдущий"",""Внеоборотные активы""";Внеоборотные активы
M25_000000_t01Ved14.xlsx;Оборотные активы;OboAkt;7;;"""2022"",""предыдущий"",""Оборотные активы""";Оборотные активы
M25_000000_t01Ved14.xlsx;Капитал и резервы;KapIRez;9;;"""2022"",""предыдущий"",""Капитал и резервы""";Капитал и резервы
M25_000000_t01Ved14.xlsx;Долгосрочные обязательства;DolOby;11;;"""2022"",""предыдущий"",""Долгосрочные обязательства""";Долгосрочные обязательства
M25_000000_t01Ved14.xlsx;Краткосрочные обязательства;KraOby;13;;"""2022"",""предыдущий"",""Краткосрочные обязательства""";Краткосрочные обязательства
M25_000000_t01Ved14.xlsx;Валюта баланса убыточных организаций, на конец года итог актива убыточных организаций;ValBalUbyOrgNaKonGoItAktUbyOrg;15;;Валюта баланса убыточных организаций, на конец года итог актива убыточных организаций;Валюта баланса убыточных организаций, на конец года итог актива убыточных организаций
M25_000000_t01Ved14.xlsx;nan в % к валюте баланса;NaV%KValBal;16;;nan в % к валюте баланса;nan в % к валюте баланса
M25_000000_t01Ved14mo8.xlsx;Валюта баланса;ValBal_1;3;;"""2022"",""предыдущий"",""Валюта баланса""";Валюта баланса
M25_000000_t01Ved14mo8.xlsx;nan;Na_1;;14;nan;"""2023"",""конец"",""nan"""
M25_000000_t01Ved14mo8.xlsx;Внеоборотные активы;VneAkt_1;5;;"""2022"",""предыдущий"",""Внеоборотные активы""";Внеоборотные активы
M25_000000_t01Ved14mo8.xlsx;Оборотные активы;OboAkt_1;7;;"""2022"",""предыдущий"",""Оборотные активы""";Оборотные активы
M25_000000_t01Ved14mo8.xlsx;Капитал и резервы;KapIRez_1;9;;"""2022"",""предыдущий"",""Капитал и резервы""";Капитал и резервы
M25_000000_t01Ved14mo8.xlsx;Долгосрочные обязательства;DolOby_1;11;;"""2022"",""предыдущий"",""Долгосрочные обязательства""";Долгосрочные обязательства
M25_000000_t01Ved14mo8.xlsx;Краткосрочные обязательства;KraOby_1;13;;"""2022"",""предыдущий"",""Краткосрочные обязательства""";Краткосрочные обязательства
M25_000000_t01Ved14mo8.xlsx;Валюта баланса убыточных организаций, на конец года итог актива убыточных организаций;ValBalUbyOrgNaKonGoItAktUbyOrg_1;15;;Валюта баланса убыточных организаций, на конец года итог актива убыточных организаций;Валюта баланса убыточных организаций, на конец года итог актива убыточных организаций
M25_000000_t01Ved14mo8.xlsx;nan в % к валюте баланса;NaV%KValBal_1;16;;nan в % к валюте баланса;nan в % к валюте баланса
M25_000000_t03Ved14.xlsx;Внеоборотные активы nan;VneAktNa;3;;Внеоборотные активы nan;Внеоборотные активы nan
M25_000000_t03Ved14.xlsx;nan nan;NaNa;4;8;nan nan;nan nan
M25_000000_t03Ved14.xlsx;nan в том числе материальные внеоборотные активы(включая основные средства, незавершенные капитальные вложения в основные средства);NaVToChiMatVneAktOsnSreNezKapVloVOsnSre;5;;nan в том числе материальные внеоборотные активы(включая основные средства, незавершенные капитальные вложения в основные средства);nan в том числе материальные внеоборотные активы(включая основные средства, незавершенные капитальные вложения в основные средства)
M25_000000_t03Ved14.xlsx;nan нематериальные ,финансовые и другие внеоборотные активы;NaNem,fiIDruVneAkt;7;;nan нематериальные ,финансовые и другие внеоборотные активы;nan нематериальные ,финансовые и другие внеоборотные активы
M25_000000_t10Ved14.xlsx;Оборотные активы nan;OboAktNa;3;;Оборотные активы nan;Оборотные активы nan
M25_000000_t10Ved14.xlsx;nan nan;NaNa_1;4;10;nan nan;nan nan
M25_000000_t10Ved14.xlsx;в том числе : запасы;VToChi:Zap;5;;в том числе : запасы;в том числе : запасы
M25_000000_t10Ved14.xlsx;nan денежные средства и денежные эквиваленты;NaDenSreIDenEkv;7;;nan денежные средства и денежные эквиваленты;nan денежные средства и денежные эквиваленты
M25_000000_t10Ved14.xlsx;nan финансовые и другие оборотные активы (включая дебиторскую задолженность);NaFinIDruOboAkt(vkDebZad;9;;nan финансовые и другие оборотные активы (включая дебиторскую задолженность);nan финансовые и другие оборотные активы (включая дебиторскую задолженность)
M25_000000_t13Ved14.xlsx;Оборотные активы длительность 1 оборота;OboAktDli1Obo;3;;Оборотные активы длительность 1 оборота;Оборотные активы длительность 1 оборота
M25_000000_t13Ved14.xlsx;Запасы длительность 1 оборота;ZapDli1Obo;4;;Запасы длительность 1 оборота;Запасы длительность 1 оборота
M25_000000_t13Ved14.xlsx;Краткосрочная кредиторская задолженность средний срок погашения;KraKreZadSreSrPog;5;;Краткосрочная кредиторская задолженность средний срок погашения;Краткосрочная кредиторская задолженность средний срок погашения
M25_000000_t13Ved14.xlsx;Финансовые и другие активы (дебиторская, НДС по приобретенным ценностям, краткосрочные финансовые вложения) средний срок погашения;FinIDruAkt(deNdPoPriTseKraFinVloSreSrPog;6;;Финансовые и другие активы (дебиторская, НДС по приобретенным ценностям, краткосрочные финансовые вложения) средний срок погашения;Финансовые и другие активы (дебиторская, НДС по приобретенным ценностям, краткосрочные финансовые вложения) средний срок погашения
M25_000000_t13Ved14.xlsx;Средняя стоимость оборотных активов, тыс.рублей nan;SreStoOboAktTysNa;7;;Средняя стоимость оборотных активов, тыс.рублей nan;Средняя стоимость оборотных активов, тыс.рублей nan
M25_000000_t14Ved14.xlsx;Финансовые и другие активы (дебиторская, НДС по приобретенным ценностям, краткосрочные финансовые вложения);FinIDruAkt(deNdPoPriTseKraFinVlo;3;;"""2022"",""предыдущий"",""Финансовые и другие активы (дебиторская, НДС по приобретенным ценностям, краткосрочные финансовые вложения)""";Финансовые и другие активы (дебиторская, НДС по приобретенным ценностям, краткосрочные финансовые вложения)
M25_000000_t14Ved14.xlsx;nan;Na_2;;6;nan;"""2023"",""конец"",""nan"""
M25_000000_t14Ved14.xlsx;Обязательства без заемных средств;ObyBeZaeSre;5;;"""2022"",""предыдущий"",""Обязательства без заемных средств""";Обязательства без заемных средств
M25_000000_t20Ved14.xlsx;Займы и кредиты;ZayIKre;3;;"""2022"",""предыдущий"",""Займы и кредиты""";Займы и кредиты
M25_000000_t20Ved14.xlsx;nan;Na_3;;6;nan;"""2023"",""конец"",""nan"""
M25_000000_t20Ved14.xlsx;Другие долгосрочные обязательства;DruDolOby;5;;"""2022"",""предыдущий"",""Другие долгосрочные обязательства""";Другие долгосрочные обязательства
M25_000000_t21Ved14.xlsx;Займы и кредиты;ZayIKre_1;3;;"""2022"",""предыдущий"",""Займы и кредиты""";Займы и кредиты
M25_000000_t21Ved14.xlsx;nan;Na_4;;8;nan;"""2023"",""конец"",""nan"""
M25_000000_t21Ved14.xlsx;Кредиторская задолженность;KreZad;5;;"""2022"",""предыдущий"",""Кредиторская задолженность""";Кредиторская задолженность
M25_000000_t21Ved14.xlsx;Другие краткосрочные обязательства;DruKraOby;7;;"""2022"",""предыдущий"",""Другие краткосрочные обязательства""";Другие краткосрочные обязательства
M25_000000_t22Ved14.xlsx;Соотношение заемных и собственных средств (нормальное ограничение меньше либо равно 100%);SooZaeISobSre(noOgrMenLiRav100;3;;"""2022"",""предыдущий"",""Соотношение заемных и собственных средств (нормальное ограничение меньше либо равно 100%)""";Соотношение заемных и собственных средств (нормальное ограничение меньше либо равно 100%)
M25_000000_t22Ved14.xlsx;nan;Na_5;;26;nan;"""2023"",""конец"",""nan"""
M25_000000_t22Ved14.xlsx;Коэффициент автономии (доля собственных средств в валюте баланса) (нормальное ограничение больше либо равно 50 %);KoeAvt(doSobSreVValBal(noOgrBolLiRav50%);5;;"""2022"",""предыдущий"",""Коэффициент автономии (доля собственных средств в валюте баланса) (нормальное ограничение больше либо равно 50 %)""";Коэффициент автономии (доля собственных средств в валюте баланса) (нормальное ограничение больше либо равно 50 %)
M25_000000_t22Ved14.xlsx;Коэффициент маневренности (доля собственных оборотных средств к источнику собственных средств);KoeMan(doSobOboSreKIstSobSre;7;;"""2022"",""предыдущий"",""Коэффициент маневренности (доля собственных оборотных средств к источнику собственных средств)""";Коэффициент маневренности (доля собственных оборотных средств к источнику собственных средств)
M25_000000_t22Ved14.xlsx;Доля имущества производственного назначения в валюте баланса;DolImuProNazVValBal;9;;"""2022"",""предыдущий"",""Доля имущества производственного назначения в валюте баланса""";Доля имущества производственного назначения в валюте баланса
M25_000000_t22Ved14.xlsx;Коэффициент обеспеченности собственными материальными оборотными средствами;KoeObeSobMatOboSre;11;;"""2022"",""предыдущий"",""Коэффициент обеспеченности собственными материальными оборотными средствами""";Коэффициент обеспеченности собственными материальными оборотными средствами
M25_000000_t22Ved14.xlsx;Коэффициент обеспеченности собственными оборотными средствами;KoeObeSobOboSre;13;;"""2022"",""предыдущий"",""Коэффициент обеспеченности собственными оборотными средствами""";Коэффициент обеспеченности собственными оборотными средствами
M25_000000_t22Ved14.xlsx;Доля долгосрочных обязательств к источнику собственных средств и долгосрочным обязательствам;DolDolObyKIstSobSreIDolOby;15;;"""2022"",""предыдущий"",""Доля долгосрочных обязательств к источнику собственных средств и долгосрочным обязательствам""";Доля долгосрочных обязательств к источнику собственных средств и долгосрочным обязательствам
M25_000000_t22Ved14.xlsx;Доля источников финансирования (источники собственных средств и долгосрочные обязательства) в валюте баланса;DolIstFin(isSobSreIDolObyVValBal;17;;"""2022"",""предыдущий"",""Доля источников финансирования (источники собственных средств и долгосрочные обязательства) в валюте баланса""";Доля источников финансирования (источники собственных средств и долгосрочные обязательства) в валюте баланса
M25_000000_t22Ved14.xlsx;Коэффициент абсолютной ликвидности (нормальное ограничение 20 %);KoeAbsLik(noOgr20%);19;;"""2022"",""предыдущий"",""Коэффициент абсолютной ликвидности (нормальное ограничение 20 %)""";Коэффициент абсолютной ликвидности (нормальное ограничение 20 %)
M25_000000_t22Ved14.xlsx;Коэффициент ликвидности (нормальное ограничение 80 %);KoeLik(noOgr80%);21;;"""2022"",""предыдущий"",""Коэффициент ликвидности (нормальное ограничение 80 %)""";Коэффициент ликвидности (нормальное ограничение 80 %)
M25_000000_t22Ved14.xlsx;Коэффициент текущей ликвидности (покрытия) (нормальное ограничение 200 %);KoeTekLik(po(noOgr20%);23;;"""2022"",""предыдущий"",""Коэффициент текущей ликвидности (покрытия) (нормальное ограничение 200 %)""";Коэффициент текущей ликвидности (покрытия) (нормальное ограничение 200 %)
M25_000000_t22Ved14.xlsx;Соотношение собственных и заемных средств;SooSobIZaeSre;25;;"""2022"",""предыдущий"",""Соотношение собственных и заемных средств""";Соотношение собственных и заемных средств
M25_000000_t23FsVed14.xlsx;Доходы и расходы по обычным видам деятельности Выручка;DohIRasPoObyVidDeyVyr;3;;Доходы и расходы по обычным видам деятельности Выручка;Доходы и расходы по обычным видам деятельности Выручка
M25_000000_t23FsVed14.xlsx;nan Себестоимость с учетом коммерческих и управленческих расходов;NaSebSUchKomIUprRas;4;;nan Себестоимость с учетом коммерческих и управленческих расходов;nan Себестоимость с учетом коммерческих и управленческих расходов
M25_000000_t23FsVed14.xlsx;nan Прибыль, убыток (-) от продаж;NaPriUby(-OtPro;5;;nan Прибыль, убыток (-) от продаж;nan Прибыль, убыток (-) от продаж
M25_000000_t23FsVed14.xlsx;Сальдо прочих доходов и расходов nan;SalProDohIRasNa;6;;Сальдо прочих доходов и расходов nan;Сальдо прочих доходов и расходов nan
M25_000000_t23FsVed14.xlsx;Прибыль (убыток) до налогооблажения nan;Pri(ubDoNalNa;7;;Прибыль (убыток) до налогооблажения nan;Прибыль (убыток) до налогооблажения nan
M25_000000_t23FsVed14.xlsx;Налог на прибыль nan;NalNaPriNa;8;;Налог на прибыль nan;Налог на прибыль nan
M25_000000_t23FsVed14.xlsx;Чистая прибыль (убыток) отчетного периода nan;ChiPri(ubOtcPerNa;9;;Чистая прибыль (убыток) отчетного периода nan;Чистая прибыль (убыток) отчетного периода nan
M25_000000_t23FsVed14.xlsx;Прочие доходы nan;ProDohNa;10;;Прочие доходы nan;Прочие доходы nan
M25_000000_t23FsVed14.xlsx;Проценты к уплате nan;ProKUplNa;11;;Проценты к уплате nan;Проценты к уплате nan
M25_000000_t23FsVed14.xlsx;Прочие расходы nan;ProRasNa;12;;Прочие расходы nan;Прочие расходы nan
M25_000000_t23OpfVed14.xlsx;Доходы и расходы по обычным видам деятельности Выручка;DohIRasPoObyVidDeyVyr_1;3;;Доходы и расходы по обычным видам деятельности Выручка;Доходы и расходы по обычным видам деятельности Выручка
M25_000000_t23OpfVed14.xlsx;nan Себестоимость с учетом коммерческих и управленческих расходов;NaSebSUchKomIUprRas_1;4;;nan Себестоимость с учетом коммерческих и управленческих расходов;nan Себестоимость с учетом коммерческих и управленческих расходов
M25_000000_t23OpfVed14.xlsx;nan Прибыль, убыток (-) от продаж;NaPriUby(-OtPro_1;5;;nan Прибыль, убыток (-) от продаж;nan Прибыль, убыток (-) от продаж
M25_000000_t23OpfVed14.xlsx;Сальдо прочих доходов и расходов nan;SalProDohIRasNa_1;6;;Сальдо прочих доходов и расходов nan;Сальдо прочих доходов и расходов nan
M25_000000_t23OpfVed14.xlsx;Прибыль (убыток) до налогооблажения nan;Pri(ubDoNalNa_1;7;;Прибыль (убыток) до налогооблажения nan;Прибыль (убыток) до налогооблажения nan
M25_000000_t23OpfVed14.xlsx;Налог на прибыль nan;NalNaPriNa_1;8;;Налог на прибыль nan;Налог на прибыль nan
M25_000000_t23OpfVed14.xlsx;Чистая прибыль (убыток) отчетного периода nan;ChiPri(ubOtcPerNa_1;9;;Чистая прибыль (убыток) отчетного периода nan;Чистая прибыль (убыток) отчетного периода nan
M25_000000_t23OpfVed14.xlsx;Прочие доходы nan;ProDohNa_1;10;;Прочие доходы nan;Прочие доходы nan
M25_000000_t23OpfVed14.xlsx;Проценты к уплате nan;ProKUplNa_1;11;;Проценты к уплате nan;Проценты к уплате nan
M25_000000_t23OpfVed14.xlsx;Прочие расходы nan;ProRasNa_1;12;;Прочие расходы nan;Прочие расходы nan
M25_000000_t23Ved14mo8.xlsx;Доходы и расходы по обычным видам деятельности Выручка;DohIRasPoObyVidDeyVyr_2;3;;Доходы и расходы по обычным видам деятельности Выручка;Доходы и расходы по обычным видам деятельности Выручка
M25_000000_t23Ved14mo8.xlsx;nan Себестоимость с учетом коммерческих и управленческих расходов;NaSebSUchKomIUprRas_2;4;;nan Себестоимость с учетом коммерческих и управленческих расходов;nan Себестоимость с учетом коммерческих и управленческих расходов
M25_000000_t23Ved14mo8.xlsx;nan Прибыль, убыток (-) от продаж;NaPriUby(-OtPro_2;5;;nan Прибыль, убыток (-) от продаж;nan Прибыль, убыток (-) от продаж
M25_000000_t23Ved14mo8.xlsx;Сальдо прочих доходов и расходов nan;SalProDohIRasNa_2;6;;Сальдо прочих доходов и расходов nan;Сальдо прочих доходов и расходов nan
M25_000000_t23Ved14mo8.xlsx;Прибыль (убыток) до налогооблажения nan;Pri(ubDoNalNa_2;7;;Прибыль (убыток) до налогооблажения nan;Прибыль (убыток) до налогооблажения nan
M25_000000_t23Ved14mo8.xlsx;Налог на прибыль nan;NalNaPriNa_2;8;;Налог на прибыль nan;Налог на прибыль nan
M25_000000_t23Ved14mo8.xlsx;Чистая прибыль (убыток) отчетного периода nan;ChiPri(ubOtcPerNa_2;9;;Чистая прибыль (убыток) отчетного периода nan;Чистая прибыль (убыток) отчетного периода nan
M25_000000_t23Ved14mo8.xlsx;Прочие доходы nan;ProDohNa_2;10;;Прочие доходы nan;Прочие доходы nan
M25_000000_t23Ved14mo8.xlsx;Проценты к уплате nan;ProKUplNa_2;11;;Проценты к уплате nan;Проценты к уплате nan
M25_000000_t23Ved14mo8.xlsx;Прочие расходы nan;ProRasNa_2;12;;Прочие расходы nan;Прочие расходы nan
M25_000000_t25Ved14.xlsx;Количество организаций, единиц nan;KolOrgEdiNa;3;;Количество организаций, единиц nan;Количество организаций, единиц nan
M25_000000_t25Ved14.xlsx;Прибыль, убыток (-) до налогообложения nan;PriUby(-DoNalNa;4;;Прибыль, убыток (-) до налогообложения nan;Прибыль, убыток (-) до налогообложения nan
M25_000000_t25Ved14.xlsx;Организации, получившие прибыль количество организаций, единиц;OrgPolPriKolOrgEdi;5;;Организации, получившие прибыль количество организаций, единиц;Организации, получившие прибыль количество организаций, единиц
M25_000000_t25Ved14.xlsx;nan в % к общему количеству;NaV%KObsKol;6;9;nan в % к общему количеству;nan в % к общему количеству
M25_000000_t25Ved14.xlsx;nan прибыль до налогообложения;NaPriDoNal;7;;nan прибыль до налогообложения;nan прибыль до налогообложения
M25_000000_t25Ved14.xlsx;Организации, получившие убыток количество организаций, единиц;OrgPolUbyKolOrgEdi;8;;Организации, получившие убыток количество организаций, единиц;Организации, получившие убыток количество организаций, единиц
M25_000000_t25Ved14.xlsx;nan убыток;NaUby;10;;nan убыток;nan убыток
M25_000000_t25Ved14.xlsx;Прибыль, убыток (-) до налогообложения за предыдущий год nan;PriUby(-DoNalZaPreGoNa;11;;Прибыль, убыток (-) до налогообложения за предыдущий год nan;Прибыль, убыток (-) до налогообложения за предыдущий год nan
M25_000000_t25Ved14.xlsx;Темп роста прибыли (убытка) в % nan;TeRosPri(ubV%Na;12;;Темп роста прибыли (убытка) в % nan;Темп роста прибыли (убытка) в % nan
M25_000000_t25Ved14.xlsx;Сумма убытка за предыдущий год nan;SumUbyZaPreGoNa;13;;Сумма убытка за предыдущий год nan;Сумма убытка за предыдущий год nan
M25_000000_t25Ved14.xlsx;Количество организаций, получивших убыток за предыдуший год (единиц) nan;KolOrgPolUbyZaPreGo(edNa;14;;Количество организаций, получивших убыток за предыдуший год (единиц) nan;Количество организаций, получивших убыток за предыдуший год (единиц) nan
M25_000000_t25Ved14.xlsx;Сумма прибыли за предыдущий год nan;SumPriZaPreGoNa;15;;Сумма прибыли за предыдущий год nan;Сумма прибыли за предыдущий год nan
M25_000000_t25Ved14.xlsx;Темп роста убытка в % nan;TeRosUbyV%Na;16;;Темп роста убытка в % nan;Темп роста убытка в % nan
M25_000000_t25Ved14.xlsx;Темп роста суммы прибыли в % nan;TeRosSumPriV%Na;17;;Темп роста суммы прибыли в % nan;Темп роста суммы прибыли в % nan
M25_000000_t25FsVed14.xlsx;Количество организаций, единиц nan;KolOrgEdiNa_1;3;;Количество организаций, единиц nan;Количество организаций, единиц nan
M25_000000_t25FsVed14.xlsx;Прибыль, убыток (-) до налогообложения nan;PriUby(-DoNalNa_1;4;;Прибыль, убыток (-) до налогообложения nan;Прибыль, убыток (-) до налогообложения nan
M25_000000_t25FsVed14.xlsx;Организации, получившие прибыль количество организаций, единиц;OrgPolPriKolOrgEdi_1;5;;Организации, получившие прибыль количество организаций, единиц;Организации, получившие прибыль количество организаций, единиц
M25_000000_t25FsVed14.xlsx;nan в % к общему количеству;NaV%KObsKol_1;6;9;nan в % к общему количеству;nan в % к общему количеству
M25_000000_t25FsVed14.xlsx;nan прибыль до налогообложения;NaPriDoNal_1;7;;nan прибыль до налогообложения;nan прибыль до налогообложения
M25_000000_t25FsVed14.xlsx;Организации, получившие убыток количество организаций, единиц;OrgPolUbyKolOrgEdi_1;8;;Организации, получившие убыток количество организаций, единиц;Организации, получившие убыток количество организаций, единиц
M25_000000_t25FsVed14.xlsx;nan убыток;NaUby_1;10;;nan убыток;nan убыток
M25_000000_t25FsVed14.xlsx;Прибыль, убыток (-) до налогообложения за предыдущий год nan;PriUby(-DoNalZaPreGoNa_1;11;;Прибыль, убыток (-) до налогообложения за предыдущий год nan;Прибыль, убыток (-) до налогообложения за предыдущий год nan
M25_000000_t25FsVed14.xlsx;Темп роста прибыли (убытка) в % nan;TeRosPri(ubV%Na_1;12;;Темп роста прибыли (убытка) в % nan;Темп роста прибыли (убытка) в % nan
M25_000000_t25FsVed14.xlsx;Сумма убытка за предыдущий год nan;SumUbyZaPreGoNa_1;13;;Сумма убытка за предыдущий год nan;Сумма убытка за предыдущий год nan
M25_000000_t25FsVed14.xlsx;Количество организаций, получивших убыток за предыдуший год (единиц) nan;KolOrgPolUbyZaPreGo(edNa_1;14;;Количество организаций, получивших убыток за предыдуший год (единиц) nan;Количество организаций, получивших убыток за предыдуший год (единиц) nan
M25_000000_t25FsVed14.xlsx;Сумма прибыли за предыдущий год nan;SumPriZaPreGoNa_1;15;;Сумма прибыли за предыдущий год nan;Сумма прибыли за предыдущий год nan
M25_000000_t25FsVed14.xlsx;Темп роста убытка в % nan;TeRosUbyV%Na_1;16;;Темп роста убытка в % nan;Темп роста убытка в % nan
M25_000000_t25FsVed14.xlsx;Темп роста суммы прибыли в % nan;TeRosSumPriV%Na_1;17;;Темп роста суммы прибыли в % nan;Темп роста суммы прибыли в % nan
M25_000000_t25Ved14mo8.xlsx;Количество организаций, единиц nan;KolOrgEdiNa_2;3;;Количество организаций, единиц nan;Количество организаций, единиц nan
M25_000000_t25Ved14mo8.xlsx;Прибыль, убыток (-) до налогообложения nan;PriUby(-DoNalNa_2;4;;Прибыль, убыток (-) до налогообложения nan;Прибыль, убыток (-) до налогообложения nan
M25_000000_t25Ved14mo8.xlsx;Организации, получившие прибыль количество организаций, единиц;OrgPolPriKolOrgEdi_2;5;;Организации, получившие прибыль количество организаций, единиц;Организации, получившие прибыль количество организаций, единиц
M25_000000_t25Ved14mo8.xlsx;nan в % к общему количеству;NaV%KObsKol_2;6;9;nan в % к общему количеству;nan в % к общему количеству
M25_000000_t25Ved14mo8.xlsx;nan прибыль до налогообложения;NaPriDoNal_2;7;;nan прибыль до налогообложения;nan прибыль до налогообложения
M25_000000_t25Ved14mo8.xlsx;Организации, получившие убыток количество организаций, единиц;OrgPolUbyKolOrgEdi_2;8;;Организации, получившие убыток количество организаций, единиц;Организации, получившие убыток количество организаций, единиц
M25_000000_t25Ved14mo8.xlsx;nan убыток;NaUby_2;10;;nan убыток;nan убыток
M25_000000_t25Ved14mo8.xlsx;Прибыль, убыток (-) до налогообложения за предыдущий год nan;PriUby(-DoNalZaPreGoNa_2;11;;Прибыль, убыток (-) до налогообложения за предыдущий год nan;Прибыль, убыток (-) до налогообложения за предыдущий год nan
M25_000000_t25Ved14mo8.xlsx;Темп роста прибыли (убытка) в % nan;TeRosPri(ubV%Na_2;12;;Темп роста прибыли (убытка) в % nan;Темп роста прибыли (убытка) в % nan
M25_000000_t25Ved14mo8.xlsx;Сумма убытка за предыдущий год nan;SumUbyZaPreGoNa_2;13;;Сумма убытка за предыдущий год nan;Сумма убытка за предыдущий год nan
M25_000000_t25Ved14mo8.xlsx;Количество организаций, получивших убыток за предыдуший год (единиц) nan;KolOrgPolUbyZaPreGo(edNa_2;14;;Количество организаций, получивших убыток за предыдуший год (единиц) nan;Количество организаций, получивших убыток за предыдуший год (единиц) nan
M25_000000_t25Ved14mo8.xlsx;Сумма прибыли за предыдущий год nan;SumPriZaPreGoNa_2;15;;Сумма прибыли за предыдущий год nan;Сумма прибыли за предыдущий год nan
M25_000000_t25Ved14mo8.xlsx;Темп роста убытка в % nan;TeRosUbyV%Na_2;16;;Темп роста убытка в % nan;Темп роста убытка в % nan
M25_000000_t25Ved14mo8.xlsx;Темп роста суммы прибыли в % nan;TeRosSumPriV%Na_2;17;;Темп роста суммы прибыли в % nan;Темп роста суммы прибыли в % nan
M25_000000_t26Ved14.xlsx;Количество организаций, единиц nan;KolOrgEdiNa_3;3;;Количество организаций, единиц nan;Количество организаций, единиц nan
M25_000000_t26Ved14.xlsx;Прибыль, убыток (-) от продаж nan;PriUby(-OtProNa;4;;Прибыль, убыток (-) от продаж nan;Прибыль, убыток (-) от продаж nan
M25_000000_t26Ved14.xlsx;Себестоимость продаж с учетом коммерческих и управленческих расходов nan;SebProSUchKomIUprRasNa;5;;Себестоимость продаж с учетом коммерческих и управленческих расходов nan;Себестоимость продаж с учетом коммерческих и управленческих расходов nan
M25_000000_t26Ved14.xlsx;Рентабельность, убыточность (-) в % к себестоимости продаж с учетом коммерческих и управленческих расходов;RenUby(-V%KSebProSUchKomIUprRas;6;;Рентабельность, убыточность (-) в % к себестоимости продаж с учетом коммерческих и управленческих расходов;Рентабельность, убыточность (-) в % к себестоимости продаж с учетом коммерческих и управленческих расходов
M25_000000_t26Ved14.xlsx;nan к выручке;NaKVyr;7;;nan к выручке;nan к выручке
M25_000000_t26Ved14.xlsx;nan чистой прибыли (убытка) к выручке;NaChiPri(ubKVyr;8;;nan чистой прибыли (убытка) к выручке;nan чистой прибыли (убытка) к выручке
M25_000000_t26Ved14.xlsx;Организации, получившие убыток от продаж: количество организаций (единиц);OrgPolUbyOtProKolOrg(ed;9;;Организации, получившие убыток от продаж: количество организаций (единиц);Организации, получившие убыток от продаж: количество организаций (единиц)
M25_000000_t26Ved14.xlsx;nan в % к общему количеству организаций;NaV%KObsKolOrg;10;;nan в % к общему количеству организаций;nan в % к общему количеству организаций
M25_000000_t26Ved14.xlsx;nan убыток от продажи;NaUbyOtPro;11;;nan убыток от продажи;nan убыток от продажи
M25_000000_t26Ved14.xlsx;nan себестоимость продаж с учетом коммерческих и управлеческих расходов;NaSebProSUchKomIUprRas;12;;nan себестоимость продаж с учетом коммерческих и управлеческих расходов;nan себестоимость продаж с учетом коммерческих и управлеческих расходов
M25_000000_t26Ved14.xlsx;nan убыточность в % :;NaUbyV%:;13;;nan убыточность в % :;nan убыточность в % :
M25_000000_t26Ved14mo8.xlsx;Количество организаций, единиц nan;KolOrgEdiNa_4;3;;Количество организаций, единиц nan;Количество организаций, единиц nan
M25_000000_t26Ved14mo8.xlsx;Прибыль, убыток (-) от продаж nan;PriUby(-OtProNa_1;4;;Прибыль, убыток (-) от продаж nan;Прибыль, убыток (-) от продаж nan
M25_000000_t26Ved14mo8.xlsx;Себестоимость продаж с учетом коммерческих и управленческих расходов nan;SebProSUchKomIUprRasNa_1;5;;Себестоимость продаж с учетом коммерческих и управленческих расходов nan;Себестоимость продаж с учетом коммерческих и управленческих расходов nan
M25_000000_t26Ved14mo8.xlsx;Рентабельность, убыточность (-) в % к себестоимости продаж с учетом коммерческих и управленческих расходов;RenUby(-V%KSebProSUchKomIUprRas_1;6;;Рентабельность, убыточность (-) в % к себестоимости продаж с учетом коммерческих и управленческих расходов;Рентабельность, убыточность (-) в % к себестоимости продаж с учетом коммерческих и управленческих расходов
M25_000000_t26Ved14mo8.xlsx;nan к выручке;NaKVyr_1;7;;nan к выручке;nan к выручке
M25_000000_t26Ved14mo8.xlsx;nan чистой прибыли (убытка) к выручке;NaChiPri(ubKVyr_1;8;;nan чистой прибыли (убытка) к выручке;nan чистой прибыли (убытка) к выручке
M25_000000_t26Ved14mo8.xlsx;Организации, получившие убыток от продаж: количество организаций (единиц);OrgPolUbyOtProKolOrg(ed_1;9;;Организации, получившие убыток от продаж: количество организаций (единиц);Организации, получившие убыток от продаж: количество организаций (единиц)
M25_000000_t26Ved14mo8.xlsx;nan в % к общему количеству организаций;NaV%KObsKolOrg_1;10;;nan в % к общему количеству организаций;nan в % к общему количеству организаций
M25_000000_t26Ved14mo8.xlsx;nan убыток от продажи;NaUbyOtPro_1;11;;nan убыток от продажи;nan убыток от продажи
M25_000000_t26Ved14mo8.xlsx;nan себестоимость продаж с учетом коммерческих и управлеческих расходов;NaSebProSUchKomIUprRas_1;12;;nan себестоимость продаж с учетом коммерческих и управлеческих расходов;nan себестоимость продаж с учетом коммерческих и управлеческих расходов
M25_000000_t26Ved14mo8.xlsx;nan убыточность в % :;NaUbyV%:_1;13;;nan убыточность в % :;nan убыточность в % :
M25_000000_t27Ved14.xlsx;Прибыль (убыток) до налогообложения в % к: всем активам;Pri(ubDoNalV%K:VsAkt;3;;Прибыль (убыток) до налогообложения в % к: всем активам;Прибыль (убыток) до налогообложения в % к: всем активам
M25_000000_t27Ved14.xlsx;nan внеоборотным активам;NaVneAkt;4;11;nan внеоборотным активам;nan внеоборотным активам
M25_000000_t27Ved14.xlsx;nan оборотным активам;NaOboAkt;5;12;nan оборотным активам;nan оборотным активам
M25_000000_t27Ved14.xlsx;nan капиталу и резервам;NaKapIRez;6;13;nan капиталу и резервам;nan капиталу и резервам
M25_000000_t27Ved14.xlsx;nan долгосрочным обязательствам;NaDolOby;7;14;nan долгосрочным обязательствам;nan долгосрочным обязательствам
M25_000000_t27Ved14.xlsx;nan краткосрочным обязательствам;NaKraOby;8;15;nan краткосрочным обязательствам;nan краткосрочным обязательствам
M25_000000_t27Ved14.xlsx;Финансовый результат убыточных организаций в % к итогу актива убыточных организаций nan;FinRezUbyOrgV%KItoAktUbyOrgNa;9;;Финансовый результат убыточных организаций в % к итогу актива убыточных организаций nan;Финансовый результат убыточных организаций в % к итогу актива убыточных организаций nan
M25_000000_t27Ved14.xlsx;Чистая прибыль, убыток (-) до налогообложения в % к: всем активам;ChiPriUby(-DoNalV%K:VsAkt;10;;Чистая прибыль, убыток (-) до налогообложения в % к: всем активам;Чистая прибыль, убыток (-) до налогообложения в % к: всем активам
M25_000000_t27Ved14mo8.xlsx;Прибыль (убыток) до налогообложения в % к: всем активам;Pri(ubDoNalV%K:VsAkt_1;3;;Прибыль (убыток) до налогообложения в % к: всем активам;Прибыль (убыток) до налогообложения в % к: всем активам
M25_000000_t27Ved14mo8.xlsx;nan внеоборотным активам;NaVneAkt_1;4;11;nan внеоборотным активам;nan внеоборотным активам
M25_000000_t27Ved14mo8.xlsx;nan оборотным активам;NaOboAkt_1;5;12;nan оборотным активам;nan оборотным активам
M25_000000_t27Ved14mo8.xlsx;nan капиталу и резервам;NaKapIRez_1;6;13;nan капиталу и резервам;nan капиталу и резервам
M25_000000_t27Ved14mo8.xlsx;nan долгосрочным обязательствам;NaDolOby_1;7;14;nan долгосрочным обязательствам;nan долгосрочным обязательствам
M25_000000_t27Ved14mo8.xlsx;nan краткосрочным обязательствам;NaKraOby_1;8;15;nan краткосрочным обязательствам;nan краткосрочным обязательствам
M25_000000_t27Ved14mo8.xlsx;Финансовый результат убыточных организаций в % к итогу актива убыточных организаций nan;FinRezUbyOrgV%KItoAktUbyOrgNa_1;9;;Финансовый результат убыточных организаций в % к итогу актива убыточных организаций nan;Финансовый результат убыточных организаций в % к итогу актива убыточных организаций nan
M25_000000_t27Ved14mo8.xlsx;Чистая прибыль, убыток (-) до налогообложения в % к: всем активам;ChiPriUby(-DoNalV%K:VsAkt_1;10;;Чистая прибыль, убыток (-) до налогообложения в % к: всем активам;Чистая прибыль, убыток (-) до налогообложения в % к: всем активам
M25_000000_t28Ved14.xlsx;Коэффициент текущей ликвидности до < 100% Количество организаций (единиц);KoeTekLikDo<10KolOrg(ed;3;;Коэффициент текущей ликвидности до < 100% Количество организаций (единиц);Коэффициент текущей ликвидности до < 100% Количество организаций (единиц)
M25_000000_t28Ved14.xlsx;nan в % к общему количеству;NaV%KObsKol_3;4;20;nan в % к общему количеству;nan в % к общему количеству
M25_000000_t28Ved14.xlsx;nan Финансовые и другие активы;NaFinIDruAkt;5;21;nan Финансовые и другие активы;nan Финансовые и другие активы
M25_000000_t28Ved14.xlsx;nan в % ко всем финансовым и другим активам;NaV%KoVsFinIDruAkt;6;22;nan в % ко всем финансовым и другим активам;nan в % ко всем финансовым и другим активам
M25_000000_t28Ved14.xlsx;nan Обязательства без заемных средств;NaObyBeZaeSre;7;23;nan Обязательства без заемных средств;nan Обязательства без заемных средств
M25_000000_t28Ved14.xlsx;nan в % ко всем обязательствам без заемных средств;NaV%KoVsObyBeZaeSre;8;24;nan в % ко всем обязательствам без заемных средств;nan в % ко всем обязательствам без заемных средств
M25_000000_t28Ved14.xlsx;nan Денежные средства и денежные эквиваленты;NaDenSreIDenEkv_1;9;25;nan Денежные средства и денежные эквиваленты;nan Денежные средства и денежные эквиваленты
M25_000000_t28Ved14.xlsx;nan в % ко всем денежным средствам и денежным эквивалентам;NaV%KoVsDenSreIDenEkv;10;26;nan в % ко всем денежным средствам и денежным эквивалентам;nan в % ко всем денежным средствам и денежным эквивалентам
M25_000000_t28Ved14.xlsx;Коэффициент текущей ликвидности от > = 100% до < 200% Количество организаций (единиц);KoeTekLikOt>=10Do<20KolOrg(ed;11;;Коэффициент текущей ликвидности от > = 100% до < 200% Количество организаций (единиц);Коэффициент текущей ликвидности от > = 100% до < 200% Количество организаций (единиц)
M25_000000_t28Ved14.xlsx;Коэффициент текущей ликвидности от > = 200% Количество организаций (единиц);KoeTekLikOt>=20KolOrg(ed;19;;Коэффициент текущей ликвидности от > = 200% Количество организаций (единиц);Коэффициент текущей ликвидности от > = 200% Количество организаций (единиц)
